size,size_name,procs,dist_time_ms_mean,dist_time_ms_std,sort_time_ms_mean,sort_time_ms_std,total_time_ms_mean,total_time_ms_std
100000,100k,2,63.2121,0.6005298244050847,61.95976666666667,1.917055832085577,125.22033333333333,1.4893872341783123
100000,100k,4,73.99486666666667,13.63898990333717,93.70086666666667,15.53728022059631,167.74366666666666,29.086686857277734
100000,100k,8,68.41216666666666,7.464301189216126,94.3205,3.624462888484303,162.81933333333333,10.60814669644672
100000,100k,16,65.23433333333332,0.37262158194786704,98.1067,2.735848466198373,163.46033333333332,3.066258360499546
100000,100k,32,94.28923333333333,29.101451506124803,98.719,0.2479951007580575,193.06433333333334,29.287890762793644
